Cluster ID,Match Start,Match Stop,Duration,Match Score,Query Path
1,1.712,21.136,19.42,662,panako/noon/clips/20260111/clip_000002_006000.mp3
1,31.84,50.688,18.85,177,panako/noon/clips/20260111/clip_000012_036000.mp3
2,471.456,487.568,16.11,561,panako/noon/clips/20260111/clip_000127_381000.mp3
2,477.544,496.376,18.83,733,panako/noon/clips/20260111/clip_000130_390000.mp3
2,489.152,508.56,19.41,676,panako/noon/clips/20260111/clip_000134_402000.mp3
2,498.136,517.472,19.34,831,panako/noon/clips/20260111/clip_000137_411000.mp3
2,501.192,520.608,19.42,874,panako/noon/clips/20260111/clip_000138_414000.mp3
2,513.08,527.496,14.42,871,panako/noon/clips/20260111/clip_000142_426000.mp3
3,1723.704,1743.208,19.5,997,panako/noon/clips/20260111/clip_000576_1728000.mp3
3,1732.688,1752.208,19.52,1085,panako/noon/clips/20260111/clip_000579_1737000.mp3
3,1741.832,1761.256,19.42,739,panako/noon/clips/20260111/clip_000582_1746000.mp3
3,1759.864,1779.064,19.2,362,panako/noon/clips/20260111/clip_000588_1764000.mp3
3,1763.928,1781.016,17.09,185,panako/noon/clips/20260111/clip_000589_1767000.mp3
3,1775.464,1794.344,18.88,265,panako/noon/clips/20260111/clip_000593_1779000.mp3
3,1790.272,1809.4,19.13,943,panako/noon/clips/20260111/clip_000598_1794000.mp3
3,1814.896,1833.032,18.14,1134,panako/noon/clips/20260111/clip_000606_1818000.mp3
3,1817.04,1836.168,19.13,1064,panako/noon/clips/20260111/clip_000607_1821000.mp3
3,1825.952,1836.168,10.22,484,panako/noon/clips/20260111/clip_000610_1830000.mp3
4,3050.168,3068.616,18.45,675,panako/noon/clips/20260111/clip_001070_3210000.mp3
4,3052.44,3071.376,18.94,755,panako/noon/clips/20260111/clip_001071_3213000.mp3
4,3076.2,3095.392,19.19,802,panako/noon/clips/20260111/clip_001079_3237000.mp3
4,3088.168,3107.536,19.37,579,panako/noon/clips/20260111/clip_001083_3249000.mp3
4,3091.056,3110.608,19.55,675,panako/noon/clips/20260111/clip_001084_3252000.mp3
4,3100.064,3119.384,19.32,660,panako/noon/clips/20260111/clip_001087_3261000.mp3
4,3103.448,3122.592,19.14,613,panako/noon/clips/20260111/clip_001088_3264000.mp3
4,3109.64,3128.776,19.14,520,panako/noon/clips/20260111/clip_001090_3270000.mp3
4,3112.192,3131.608,19.42,467,panako/noon/clips/20260111/clip_001091_3273000.mp3
4,3133.056,3152.52,19.46,583,panako/noon/clips/20260111/clip_001098_3294000.mp3
4,3136.064,3155.44,19.38,479,panako/noon/clips/20260111/clip_001099_3297000.mp3
4,3145.48,3164.4,18.92,623,panako/noon/clips/20260111/clip_001102_3306000.mp3
4,3166.768,3185.576,18.81,323,panako/noon/clips/20260111/clip_001109_3327000.mp3
4,3178.24,3185.576,7.34,544,panako/noon/clips/20260111/clip_001113_3339000.mp3
5,3497.792,3516.616,18.82,325,panako/noon/clips/20260111/clip_001166_3498000.mp3
5,3505.592,3522.768,17.18,1065,panako/noon/clips/20260111/clip_001168_3504000.mp3
5,3512.232,3531.48,19.25,1479,panako/noon/clips/20260111/clip_001171_3513000.mp3
5,3515.216,3534.656,19.44,1496,panako/noon/clips/20260111/clip_001172_3516000.mp3
5,3524.184,3543.696,19.51,1046,panako/noon/clips/20260111/clip_001175_3525000.mp3
5,3527.12,3546.816,19.7,887,panako/noon/clips/20260111/clip_001176_3528000.mp3
5,3551.152,3570.816,19.66,550,panako/noon/clips/20260111/clip_001184_3552000.mp3
5,5365.04,5384.688,19.65,647,panako/noon/clips/20260111/clip_001187_3561000.mp3
5,3608.136,3627.648,19.51,692,panako/noon/clips/20260111/clip_001203_3609000.mp3
5,3626.12,3645.352,19.23,717,panako/noon/clips/20260111/clip_001209_3627000.mp3
5,3629.184,3646.976,17.79,642,panako/noon/clips/20260111/clip_001210_3630000.mp3
5,3632.176,3646.976,14.8,532,panako/noon/clips/20260111/clip_001211_3633000.mp3
6,3732.416,3747.288,14.87,601,panako/noon/clips/20260111/clip_001270_3810000.mp3
6,3736.76,3756.472,19.71,655,panako/noon/clips/20260111/clip_001273_3819000.mp3
6,3757.76,3777.224,19.46,953,panako/noon/clips/20260111/clip_001280_3840000.mp3
6,3760.84,3779.848,19.01,939,panako/noon/clips/20260111/clip_001281_3843000.mp3
6,3763.832,3783.224,19.39,897,panako/noon/clips/20260111/clip_001282_3846000.mp3
6,3766.88,3786.392,19.51,915,panako/noon/clips/20260111/clip_001283_3849000.mp3
6,3778.84,3798.424,19.58,462,panako/noon/clips/20260111/clip_001287_3861000.mp3
6,3784.84,3804.128,19.29,502,panako/noon/clips/20260111/clip_001289_3867000.mp3
6,3802.816,3821.84,19.02,732,panako/noon/clips/20260111/clip_001295_3885000.mp3
6,3808.8,3828.136,19.34,738,panako/noon/clips/20260111/clip_001297_3891000.mp3
6,3826.872,3846.24,19.37,548,panako/noon/clips/20260111/clip_001303_3909000.mp3
6,3829.832,3849.32,19.49,582,panako/noon/clips/20260111/clip_001304_3912000.mp3
6,3835.744,3855.312,19.57,504,panako/noon/clips/20260111/clip_001306_3918000.mp3
6,3838.744,3858.216,19.47,575,panako/noon/clips/20260111/clip_001307_3921000.mp3
6,3850.896,3870.264,19.37,1038,panako/noon/clips/20260111/clip_001311_3933000.mp3
6,3853.832,3873.096,19.26,1056,panako/noon/clips/20260111/clip_001312_3936000.mp3
6,3859.776,3879.36,19.58,1052,panako/noon/clips/20260111/clip_001314_3942000.mp3
6,3865.744,3885.408,19.66,1009,panako/noon/clips/20260111/clip_001316_3948000.mp3
6,3871.776,3891.2,19.42,1168,panako/noon/clips/20260111/clip_001318_3954000.mp3
6,3880.736,3891.64,10.9,786,panako/noon/clips/20260111/clip_001321_3963000.mp3
6,3883.808,3891.64,7.83,620,panako/noon/clips/20260111/clip_001322_3966000.mp3
7,1714.64,1731.488,16.85,689,panako/noon/clips/20260111/clip_001771_5313000.mp3
7,5348.184,5367.56,19.38,421,panako/noon/clips/20260111/clip_001783_5349000.mp3
7,3552.536,3571.584,19.05,498,panako/noon/clips/20260111/clip_001786_5358000.mp3
7,5387.256,5406.736,19.48,900,panako/noon/clips/20260111/clip_001796_5388000.mp3
7,5408.248,5427.744,19.5,497,panako/noon/clips/20260111/clip_001803_5409000.mp3
7,5415.0,5433.608,18.61,426,panako/noon/clips/20260111/clip_001805_5415000.mp3
7,5429.08,5439.152,10.07,267,panako/noon/clips/20260111/clip_001810_5430000.mp3
8,6701.457,6720.488,19.03,325,panako/noon/clips/20260111/clip_002226_6678000.mp3
8,6707.041,6726.384,19.34,368,panako/noon/clips/20260111/clip_002228_6684000.mp3
8,6713.249,6732.152,18.9,405,panako/noon/clips/20260111/clip_002230_6690000.mp3
8,6734.536,6753.304,18.77,278,panako/noon/clips/20260111/clip_002237_6711000.mp3
8,6740.008,6759.448,19.44,273,panako/noon/clips/20260111/clip_002239_6717000.mp3
8,6746.632,6765.376,18.74,320,panako/noon/clips/20260111/clip_002241_6723000.mp3
8,6755.016,6774.376,19.36,402,panako/noon/clips/20260111/clip_002244_6732000.mp3
8,6760.912,6780.313,19.4,432,panako/noon/clips/20260111/clip_002246_6738000.mp3
8,6764.344,6783.36,19.02,458,panako/noon/clips/20260111/clip_002247_6741000.mp3
8,6776.008,6794.216,18.21,486,panako/noon/clips/20260111/clip_002251_6753000.mp3
8,6788.096,6794.216,6.12,202,panako/noon/clips/20260111/clip_002255_6765000.mp3
9,7107.632,7126.616,18.98,813,panako/noon/clips/20260111/clip_002369_7107000.mp3
9,7110.656,7130.264,19.61,824,panako/noon/clips/20260111/clip_002370_7110000.mp3
9,7119.688,7139.2,19.51,762,panako/noon/clips/20260111/clip_002373_7119000.mp3
9,7122.656,7142.313,19.66,578,panako/noon/clips/20260111/clip_002374_7122000.mp3
9,7134.648,7153.888,19.24,667,panako/noon/clips/20260111/clip_002378_7134000.mp3
9,7149.712,7169.2,19.49,323,panako/noon/clips/20260111/clip_002383_7149000.mp3
9,7153.457,7172.032,18.57,351,panako/noon/clips/20260111/clip_002384_7152000.mp3
9,7158.665,7178.264,19.6,436,panako/noon/clips/20260111/clip_002386_7158000.mp3
9,7170.744,7190.192,19.45,539,panako/noon/clips/20260111/clip_002390_7170000.mp3
