Query Path,Query Start,Query Stop,Match Path,Match ID,Match Start,Match Stop,Match Score,Time Factor (%),Frequency Factor (%),Seconds with Match (%)
panako/noon/clips/20260111/clip_000002_006000.mp3,0.136,19.544,noon/20260110/mp3/20260110.mp3,20260110,1.712,21.136,662,1.0,1.0,0.8
panako/noon/clips/20260111/clip_000012_036000.mp3,0.232,19.088,noon/20260110/mp3/20260110.mp3,20260110,31.84,50.688,177,1.0,1.0,0.74
panako/noon/clips/20260111/clip_000127_381000.mp3,3.536,19.648,noon/20260110/mp3/20260110.mp3,20260110,471.456,487.568,561,1.0,1.0,1.0
panako/noon/clips/20260111/clip_000134_402000.mp3,0.232,19.64,noon/20260110/mp3/20260110.mp3,20260110,489.152,508.56,676,1.0,1.0,1.0
panako/noon/clips/20260111/clip_000137_411000.mp3,0.216,19.544,noon/20260110/mp3/20260110.mp3,20260110,498.136,517.472,831,1.0,1.0,1.0
panako/noon/clips/20260111/clip_000142_426000.mp3,0.152,14.576,noon/20260110/mp3/20260110.mp3,20260110,513.08,527.496,871,1.0,1.0,1.0
panako/noon/clips/20260111/clip_000130_390000.mp3,0.624,19.456,noon/20260110/mp3/20260110.mp3,20260110,477.544,496.376,733,1.0,1.0,1.0
panako/noon/clips/20260111/clip_000138_414000.mp3,0.272,19.68,noon/20260110/mp3/20260110.mp3,20260110,501.192,520.608,874,1.0,1.0,1.0
panako/noon/clips/20260111/clip_000576_1728000.mp3,0.128,19.632,noon/20260110/mp3/20260110.mp3,20260110,1723.704,1743.208,997,1.0,1.0,1.0
panako/noon/clips/20260111/clip_000579_1737000.mp3,0.112,19.632,noon/20260110/mp3/20260110.mp3,20260110,1732.688,1752.208,1085,1.0,1.0,1.0
panako/noon/clips/20260111/clip_000582_1746000.mp3,0.256,19.68,noon/20260110/mp3/20260110.mp3,20260110,1741.832,1761.256,739,1.0,1.0,0.95
panako/noon/clips/20260111/clip_000588_1764000.mp3,0.288,19.488,noon/20260110/mp3/20260110.mp3,20260110,1759.864,1779.064,362,1.0,1.0,0.85
panako/noon/clips/20260111/clip_000589_1767000.mp3,1.352,18.44,noon/20260110/mp3/20260110.mp3,20260110,1763.928,1781.016,185,1.0,1.0,0.89
panako/noon/clips/20260111/clip_000593_1779000.mp3,0.888,19.776,noon/20260110/mp3/20260110.mp3,20260110,1775.464,1794.344,265,1.0,1.0,1.0
panako/noon/clips/20260111/clip_000598_1794000.mp3,0.696,19.832,noon/20260110/mp3/20260110.mp3,20260110,1790.272,1809.4,943,1.0,1.0,1.0
panako/noon/clips/20260111/clip_000606_1818000.mp3,1.296,19.432,noon/20260110/mp3/20260110.mp3,20260110,1814.896,1833.032,1134,1.0,1.0,1.0
panako/noon/clips/20260111/clip_000607_1821000.mp3,0.448,19.568,noon/20260110/mp3/20260110.mp3,20260110,1817.04,1836.168,1064,1.0,1.0,1.0
panako/noon/clips/20260111/clip_000610_1830000.mp3,0.344,10.568,noon/20260110/mp3/20260110.mp3,20260110,1825.952,1836.168,484,1.0,1.0,1.0
panako/noon/clips/20260111/clip_001071_3213000.mp3,0.48,19.424,noon/20260110/mp3/20260110.mp3,20260110,3052.44,3071.376,755,1.0,1.0,1.0
panako/noon/clips/20260111/clip_001070_3210000.mp3,1.216,19.656,noon/20260110/mp3/20260110.mp3,20260110,3050.168,3068.616,675,1.0,1.0,1.0
panako/noon/clips/20260111/clip_001083_3249000.mp3,0.208,19.576,noon/20260110/mp3/20260110.mp3,20260110,3088.168,3107.536,579,1.0,1.0,1.0
panako/noon/clips/20260111/clip_001079_3237000.mp3,0.24,19.432,noon/20260110/mp3/20260110.mp3,20260110,3076.2,3095.392,802,1.0,1.0,1.0
panako/noon/clips/20260111/clip_001087_3261000.mp3,0.104,19.424,noon/20260110/mp3/20260110.mp3,20260110,3100.064,3119.384,660,1.0,1.0,0.95
panako/noon/clips/20260111/clip_001090_3270000.mp3,0.68,19.816,noon/20260110/mp3/20260110.mp3,20260110,3109.64,3128.776,520,1.0,1.0,1.0
panako/noon/clips/20260111/clip_001088_3264000.mp3,0.488,19.632,noon/20260110/mp3/20260110.mp3,20260110,3103.448,3122.592,613,1.0,1.0,1.0
panako/noon/clips/20260111/clip_001084_3252000.mp3,0.096,19.648,noon/20260110/mp3/20260110.mp3,20260110,3091.056,3110.608,675,1.0,1.0,1.0
panako/noon/clips/20260111/clip_001091_3273000.mp3,0.232,19.648,noon/20260110/mp3/20260110.mp3,20260110,3112.192,3131.608,467,1.0,1.0,0.95
panako/noon/clips/20260111/clip_001098_3294000.mp3,0.104,19.568,noon/20260110/mp3/20260110.mp3,20260110,3133.056,3152.52,583,1.0,1.0,1.0
panako/noon/clips/20260111/clip_001102_3306000.mp3,0.52,19.44,noon/20260110/mp3/20260110.mp3,20260110,3145.48,3164.4,623,1.0,1.0,1.0
panako/noon/clips/20260111/clip_001099_3297000.mp3,0.112,19.48,noon/20260110/mp3/20260110.mp3,20260110,3136.064,3155.44,479,1.0,1.0,1.0
panako/noon/clips/20260111/clip_001113_3339000.mp3,0.184,7.52,noon/20260110/mp3/20260110.mp3,20260110,3178.24,3185.576,544,1.0,1.0,1.0
panako/noon/clips/20260111/clip_001109_3327000.mp3,0.816,19.52,noon/20260110/mp3/20260110.mp3,20260110,3166.768,3185.576,323,0.995,1.0,0.37
panako/noon/clips/20260111/clip_001163_3489000.mp3,9.824,19.712,noon/20260110/mp3/20260110.mp3,20260110,7097.784,7107.64,251,1.003,1.0,0.8
panako/noon/clips/20260111/clip_001166_3498000.mp3,0.824,19.6,noon/20260110/mp3/20260110.mp3,20260110,3497.792,3516.616,325,0.998,1.0,0.89
panako/noon/clips/20260111/clip_001168_3504000.mp3,2.576,19.76,noon/20260110/mp3/20260110.mp3,20260110,3505.592,3522.768,1065,1.0,1.0,1.0
panako/noon/clips/20260111/clip_001171_3513000.mp3,0.224,19.472,noon/20260110/mp3/20260110.mp3,20260110,3512.232,3531.48,1479,1.0,1.0,1.0
panako/noon/clips/20260111/clip_001175_3525000.mp3,0.168,19.68,noon/20260110/mp3/20260110.mp3,20260110,3524.184,3543.696,1046,1.0,1.0,1.0
panako/noon/clips/20260111/clip_001176_3528000.mp3,0.104,19.8,noon/20260110/mp3/20260110.mp3,20260110,3527.12,3546.816,887,1.0,1.0,1.0
panako/noon/clips/20260111/clip_001172_3516000.mp3,0.208,19.64,noon/20260110/mp3/20260110.mp3,20260110,3515.216,3534.656,1496,1.0,1.0,1.0
panako/noon/clips/20260111/clip_001184_3552000.mp3,0.136,19.8,noon/20260110/mp3/20260110.mp3,20260110,3551.152,3570.816,550,1.0,1.0,1.0
panako/noon/clips/20260111/clip_001187_3561000.mp3,0.104,19.752,noon/20260110/mp3/20260110.mp3,20260110,5365.04,5384.688,647,1.0,1.0,1.0
panako/noon/clips/20260111/clip_001203_3609000.mp3,0.128,19.648,noon/20260110/mp3/20260110.mp3,20260110,3608.136,3627.648,692,1.0,1.0,0.95
panako/noon/clips/20260111/clip_001210_3630000.mp3,0.176,17.96,noon/20260110/mp3/20260110.mp3,20260110,3629.184,3646.976,642,1.0,1.0,1.0
panako/noon/clips/20260111/clip_001209_3627000.mp3,0.112,19.336,noon/20260110/mp3/20260110.mp3,20260110,3626.12,3645.352,717,1.0,1.0,1.0
panako/noon/clips/20260111/clip_001211_3633000.mp3,0.16,14.96,noon/20260110/mp3/20260110.mp3,20260110,3632.176,3646.976,532,0.999,1.0,1.0
panako/noon/clips/20260111/clip_001269_3807000.mp3,7.784,19.584,noon/20260110/mp3/20260110.mp3,20260110,3732.416,3744.224,561,1.0,1.0,1.0
panako/noon/clips/20260111/clip_001270_3810000.mp3,4.784,19.648,noon/20260110/mp3/20260110.mp3,20260110,3732.416,3747.288,601,1.0,1.0,1.0
panako/noon/clips/20260111/clip_001273_3819000.mp3,0.12,19.832,noon/20260110/mp3/20260110.mp3,20260110,3736.76,3756.472,655,1.0,1.0,0.95
panako/noon/clips/20260111/clip_001280_3840000.mp3,0.128,19.584,noon/20260110/mp3/20260110.mp3,20260110,3757.76,3777.224,953,1.0,1.0,1.0
panako/noon/clips/20260111/clip_001282_3846000.mp3,0.192,19.584,noon/20260110/mp3/20260110.mp3,20260110,3763.832,3783.224,897,1.0,1.0,1.0
panako/noon/clips/20260111/clip_001283_3849000.mp3,0.24,19.752,noon/20260110/mp3/20260110.mp3,20260110,3766.88,3786.392,915,1.0,1.0,0.95
panako/noon/clips/20260111/clip_001281_3843000.mp3,0.2,19.208,noon/20260110/mp3/20260110.mp3,20260110,3760.84,3779.848,939,1.0,1.0,1.0
panako/noon/clips/20260111/clip_001295_3885000.mp3,0.176,19.2,noon/20260110/mp3/20260110.mp3,20260110,3802.816,3821.84,732,1.0,1.0,1.0
panako/noon/clips/20260111/clip_001289_3867000.mp3,0.2,19.488,noon/20260110/mp3/20260110.mp3,20260110,3784.84,3804.128,502,1.0,1.0,0.9
panako/noon/clips/20260111/clip_001287_3861000.mp3,0.2,19.784,noon/20260110/mp3/20260110.mp3,20260110,3778.84,3798.424,462,1.0,1.0,0.9
panako/noon/clips/20260111/clip_001297_3891000.mp3,0.168,19.496,noon/20260110/mp3/20260110.mp3,20260110,3808.8,3828.136,738,1.0,1.0,1.0
panako/noon/clips/20260111/clip_001303_3909000.mp3,0.232,19.608,noon/20260110/mp3/20260110.mp3,20260110,3826.872,3846.24,548,1.0,1.0,1.0
panako/noon/clips/20260111/clip_001306_3918000.mp3,0.104,19.672,noon/20260110/mp3/20260110.mp3,20260110,3835.744,3855.312,504,1.0,1.0,1.0
panako/noon/clips/20260111/clip_001304_3912000.mp3,0.192,19.68,noon/20260110/mp3/20260110.mp3,20260110,3829.832,3849.32,582,1.0,1.0,1.0
panako/noon/clips/20260111/clip_001307_3921000.mp3,0.104,19.584,noon/20260110/mp3/20260110.mp3,20260110,3838.744,3858.216,575,1.0,1.0,1.0
panako/noon/clips/20260111/clip_001311_3933000.mp3,0.256,19.624,noon/20260110/mp3/20260110.mp3,20260110,3850.896,3870.264,1038,1.0,1.0,1.0
panako/noon/clips/20260111/clip_001314_3942000.mp3,0.136,19.712,noon/20260110/mp3/20260110.mp3,20260110,3859.776,3879.36,1052,1.0,1.0,1.0
panako/noon/clips/20260111/clip_001312_3936000.mp3,0.2,19.456,noon/20260110/mp3/20260110.mp3,20260110,3853.832,3873.096,1056,1.0,1.0,1.0
panako/noon/clips/20260111/clip_001316_3948000.mp3,0.104,19.776,noon/20260110/mp3/20260110.mp3,20260110,3865.744,3885.408,1009,1.0,1.0,1.0
panako/noon/clips/20260111/clip_001318_3954000.mp3,0.144,19.56,noon/20260110/mp3/20260110.mp3,20260110,3871.776,3891.2,1168,1.0,1.0,1.0
panako/noon/clips/20260111/clip_001322_3966000.mp3,0.176,8.0,noon/20260110/mp3/20260110.mp3,20260110,3883.808,3891.64,620,1.0,1.0,1.0
panako/noon/clips/20260111/clip_001321_3963000.mp3,0.096,11.0,noon/20260110/mp3/20260110.mp3,20260110,3880.736,3891.64,786,1.0,1.0,1.0
panako/noon/clips/20260111/clip_001771_5313000.mp3,2.544,19.392,noon/20260110/mp3/20260110.mp3,20260110,1714.64,1731.488,689,1.0,1.0,1.0
panako/noon/clips/20260111/clip_001776_5328000.mp3,0.176,19.752,noon/20260110/mp3/20260110.mp3,20260110,1727.272,1746.84,1036,1.0,1.0,1.0
panako/noon/clips/20260111/clip_001786_5358000.mp3,0.4,19.448,noon/20260110/mp3/20260110.mp3,20260110,3552.536,3571.584,498,1.0,1.0,0.95
panako/noon/clips/20260111/clip_001783_5349000.mp3,0.128,19.504,noon/20260110/mp3/20260110.mp3,20260110,5348.184,5367.56,421,1.0,1.0,1.0
panako/noon/clips/20260111/clip_001796_5388000.mp3,0.2,19.68,noon/20260110/mp3/20260110.mp3,20260110,5387.256,5406.736,900,1.0,1.0,1.0
panako/noon/clips/20260111/clip_001803_5409000.mp3,0.192,19.768,noon/20260110/mp3/20260110.mp3,20260110,5408.248,5427.744,497,1.004,1.0,0.5
panako/noon/clips/20260111/clip_001805_5415000.mp3,1.032,19.632,noon/20260110/mp3/20260110.mp3,20260110,5415.0,5433.608,426,1.0,1.0,1.0
panako/noon/clips/20260111/clip_001810_5430000.mp3,0.112,10.176,noon/20260110/mp3/20260110.mp3,20260110,5429.08,5439.152,267,0.999,1.0,1.0
panako/noon/clips/20260111/clip_002221_6663000.mp3,0.312,18.816,noon/20260110/mp3/20260110.mp3,20260110,6684.536,6704.616,4,0.915,1.0,0.14
panako/noon/clips/20260111/clip_002228_6684000.mp3,0.24,19.584,noon/20260110/mp3/20260110.mp3,20260110,6707.041,6726.384,368,1.0,1.0,1.0
panako/noon/clips/20260111/clip_002226_6678000.mp3,0.664,19.688,noon/20260110/mp3/20260110.mp3,20260110,6701.457,6720.488,325,1.0,1.0,1.0
panako/noon/clips/20260111/clip_002230_6690000.mp3,0.456,19.36,noon/20260110/mp3/20260110.mp3,20260110,6713.249,6732.152,405,1.0,1.0,0.95
panako/noon/clips/20260111/clip_002237_6711000.mp3,0.736,19.512,noon/20260110/mp3/20260110.mp3,20260110,6734.536,6753.304,278,1.0,1.0,0.95
panako/noon/clips/20260111/clip_002241_6723000.mp3,0.832,19.584,noon/20260110/mp3/20260110.mp3,20260110,6746.632,6765.376,320,1.0,1.0,1.0
panako/noon/clips/20260111/clip_002244_6732000.mp3,0.216,19.584,noon/20260110/mp3/20260110.mp3,20260110,6755.016,6774.376,402,1.0,1.0,1.0
panako/noon/clips/20260111/clip_002239_6717000.mp3,0.216,19.648,noon/20260110/mp3/20260110.mp3,20260110,6740.008,6759.448,273,1.0,1.0,1.0
panako/noon/clips/20260111/clip_002247_6741000.mp3,0.552,19.568,noon/20260110/mp3/20260110.mp3,20260110,6764.344,6783.36,458,1.0,1.0,1.0
panako/noon/clips/20260111/clip_002246_6738000.mp3,0.12,19.512,noon/20260110/mp3/20260110.mp3,20260110,6760.912,6780.313,432,1.0,1.0,1.0
panako/noon/clips/20260111/clip_002251_6753000.mp3,0.216,18.416,noon/20260110/mp3/20260110.mp3,20260110,6776.008,6794.216,486,1.0,1.0,1.0
panako/noon/clips/20260111/clip_002255_6765000.mp3,0.304,6.416,noon/20260110/mp3/20260110.mp3,20260110,6788.096,6794.216,202,1.002,1.0,1.0
panako/noon/clips/20260111/clip_002373_7119000.mp3,0.168,19.672,noon/20260110/mp3/20260110.mp3,20260110,7119.688,7139.2,762,1.0,1.0,1.0
panako/noon/clips/20260111/clip_002374_7122000.mp3,0.128,19.784,noon/20260110/mp3/20260110.mp3,20260110,7122.656,7142.313,578,1.0,1.0,1.0
panako/noon/clips/20260111/clip_002369_7107000.mp3,0.104,19.096,noon/20260110/mp3/20260110.mp3,20260110,7107.632,7126.616,813,1.0,1.0,0.95
panako/noon/clips/20260111/clip_002370_7110000.mp3,0.128,19.736,noon/20260110/mp3/20260110.mp3,20260110,7110.656,7130.264,824,1.0,1.0,1.0
panako/noon/clips/20260111/clip_002378_7134000.mp3,0.12,19.36,noon/20260110/mp3/20260110.mp3,20260110,7134.648,7153.888,667,1.0,1.0,0.95
panako/noon/clips/20260111/clip_002383_7149000.mp3,0.192,19.672,noon/20260110/mp3/20260110.mp3,20260110,7149.712,7169.2,323,1.0,1.0,1.0
panako/noon/clips/20260111/clip_002384_7152000.mp3,0.936,19.504,noon/20260110/mp3/20260110.mp3,20260110,7153.457,7172.032,351,1.0,1.0,1.0
panako/noon/clips/20260111/clip_002386_7158000.mp3,0.136,19.736,noon/20260110/mp3/20260110.mp3,20260110,7158.665,7178.264,436,1.0,1.0,1.0
panako/noon/clips/20260111/clip_002390_7170000.mp3,0.216,19.664,noon/20260110/mp3/20260110.mp3,20260110,7170.744,7190.192,539,1.0,1.0,1.0
